--------------------------------------------------------
--  File created - Salý-Haziran-18-2019   
--------------------------------------------------------
DROP TABLE "JSPPROJECTDATABASE"."ARTICLE";
DROP TABLE "JSPPROJECTDATABASE"."BOOK";
DROP TABLE "JSPPROJECTDATABASE"."BOOKORDERS";
DROP TABLE "JSPPROJECTDATABASE"."CATEGORY";
DROP TABLE "JSPPROJECTDATABASE"."CITY";
DROP TABLE "JSPPROJECTDATABASE"."CUSTOMER";
DROP TABLE "JSPPROJECTDATABASE"."DETAILARTICLE";
DROP TABLE "JSPPROJECTDATABASE"."DETAILORDER";
DROP TABLE "JSPPROJECTDATABASE"."DISTRICT";
DROP TABLE "JSPPROJECTDATABASE"."REVIEW";
DROP TABLE "JSPPROJECTDATABASE"."USERS";
--------------------------------------------------------
--  DDL for Sequence ARTICLE_SEQ
--------------------------------------------------------

   CREATE SEQUENCE  "JSPPROJECTDATABASE"."ARTICLE_SEQ"  MINVALUE 1 MAXVALUE 9999999999999999999999999999 INCREMENT BY 1 START WITH 21 CACHE 20 NOORDER  NOCYCLE ;
--------------------------------------------------------
--  DDL for Sequence CITY_SEQ
--------------------------------------------------------

   CREATE SEQUENCE  "JSPPROJECTDATABASE"."CITY_SEQ"  MINVALUE 1 MAXVALUE 9999999999999999999999999999 INCREMENT BY 1 START WITH 21 CACHE 20 NOORDER  NOCYCLE ;
--------------------------------------------------------
--  DDL for Sequence DETAILARTICLE_SEQ
--------------------------------------------------------

   CREATE SEQUENCE  "JSPPROJECTDATABASE"."DETAILARTICLE_SEQ"  MINVALUE 1 MAXVALUE 9999999999999999999999999999 INCREMENT BY 1 START WITH 21 CACHE 20 NOORDER  NOCYCLE ;
--------------------------------------------------------
--  DDL for Table ARTICLE
--------------------------------------------------------

  CREATE TABLE "JSPPROJECTDATABASE"."ARTICLE" 
   (	"ARTICLE_ID" NUMBER, 
	"NAME" NVARCHAR2(30)
   ) SEGMENT CREATION IMMEDIATE 
  PCTFREE 10 PCTUSED 40 INITRANS 1 MAXTRANS 255 NOCOMPRESS LOGGING
  STORAGE(INITIAL 65536 NEXT 1048576 MINEXTENTS 1 MAXEXTENTS 2147483645
  PCTINCREASE 0 FREELISTS 1 FREELIST GROUPS 1 BUFFER_POOL DEFAULT FLASH_CACHE DEFAULT CELL_FLASH_CACHE DEFAULT)
  TABLESPACE "USERS" ;
--------------------------------------------------------
--  DDL for Table BOOK
--------------------------------------------------------

  CREATE TABLE "JSPPROJECTDATABASE"."BOOK" 
   (	"BOOK_ID" NUMBER(*,0), 
	"TITLE" NVARCHAR2(100), 
	"AUTHOR" NVARCHAR2(100), 
	"DESCRIPTION" NVARCHAR2(2000), 
	"ISBN" NVARCHAR2(20), 
	"IMAGE" BLOB, 
	"PRICE" FLOAT(126), 
	"PUBLISH_DATE" DATE, 
	"LAST_UPDATED_DATE" DATE, 
	"QUANTITY" NUMBER(*,0), 
	"CATEGORY_ID" NUMBER(*,0)
   ) SEGMENT CREATION IMMEDIATE 
  PCTFREE 10 PCTUSED 40 INITRANS 1 MAXTRANS 255 NOCOMPRESS LOGGING
  STORAGE(INITIAL 65536 NEXT 1048576 MINEXTENTS 1 MAXEXTENTS 2147483645
  PCTINCREASE 0 FREELISTS 1 FREELIST GROUPS 1 BUFFER_POOL DEFAULT FLASH_CACHE DEFAULT CELL_FLASH_CACHE DEFAULT)
  TABLESPACE "USERS" 
 LOB ("IMAGE") STORE AS BASICFILE (
  TABLESPACE "USERS" ENABLE STORAGE IN ROW CHUNK 8192 RETENTION 
  NOCACHE LOGGING 
  STORAGE(INITIAL 65536 NEXT 1048576 MINEXTENTS 1 MAXEXTENTS 2147483645
  PCTINCREASE 0 FREELISTS 1 FREELIST GROUPS 1 BUFFER_POOL DEFAULT FLASH_CACHE DEFAULT CELL_FLASH_CACHE DEFAULT)) ;
--------------------------------------------------------
--  DDL for Table BOOKORDERS
--------------------------------------------------------

  CREATE TABLE "JSPPROJECTDATABASE"."BOOKORDERS" 
   (	"ORDER_ID" NUMBER, 
	"CUSTOMER_ID" NUMBER, 
	"ORDER_DATE" DATE, 
	"SHIPPING_ADDRESS" NVARCHAR2(50), 
	"RECIPIENT_NAME" NVARCHAR2(35), 
	"RECIPIENT_PHONE" NVARCHAR2(20), 
	"PAYMENT_METHOD" NVARCHAR2(20), 
	"ORDER_TOTAL" FLOAT(126), 
	"ORDER_STATUS" NVARCHAR2(20)
   ) SEGMENT CREATION IMMEDIATE 
  PCTFREE 10 PCTUSED 40 INITRANS 1 MAXTRANS 255 NOCOMPRESS LOGGING
  STORAGE(INITIAL 65536 NEXT 1048576 MINEXTENTS 1 MAXEXTENTS 2147483645
  PCTINCREASE 0 FREELISTS 1 FREELIST GROUPS 1 BUFFER_POOL DEFAULT FLASH_CACHE DEFAULT CELL_FLASH_CACHE DEFAULT)
  TABLESPACE "USERS" ;
--------------------------------------------------------
--  DDL for Table CATEGORY
--------------------------------------------------------

  CREATE TABLE "JSPPROJECTDATABASE"."CATEGORY" 
   (	"CATEGORY_ID" NUMBER(*,0), 
	"NAME" NVARCHAR2(20)
   ) SEGMENT CREATION IMMEDIATE 
  PCTFREE 10 PCTUSED 40 INITRANS 1 MAXTRANS 255 NOCOMPRESS LOGGING
  STORAGE(INITIAL 65536 NEXT 1048576 MINEXTENTS 1 MAXEXTENTS 2147483645
  PCTINCREASE 0 FREELISTS 1 FREELIST GROUPS 1 BUFFER_POOL DEFAULT FLASH_CACHE DEFAULT CELL_FLASH_CACHE DEFAULT)
  TABLESPACE "USERS" ;
--------------------------------------------------------
--  DDL for Table CITY
--------------------------------------------------------

  CREATE TABLE "JSPPROJECTDATABASE"."CITY" 
   (	"ID" NUMBER, 
	"CITY_NAME" NVARCHAR2(50)
   ) SEGMENT CREATION IMMEDIATE 
  PCTFREE 10 PCTUSED 40 INITRANS 1 MAXTRANS 255 NOCOMPRESS LOGGING
  STORAGE(INITIAL 65536 NEXT 1048576 MINEXTENTS 1 MAXEXTENTS 2147483645
  PCTINCREASE 0 FREELISTS 1 FREELIST GROUPS 1 BUFFER_POOL DEFAULT FLASH_CACHE DEFAULT CELL_FLASH_CACHE DEFAULT)
  TABLESPACE "USERS" ;
--------------------------------------------------------
--  DDL for Table CUSTOMER
--------------------------------------------------------

  CREATE TABLE "JSPPROJECTDATABASE"."CUSTOMER" 
   (	"CUSTOMER_ID" NUMBER, 
	"NAME" NVARCHAR2(30), 
	"SURNAME" NVARCHAR2(30), 
	"EMAIL" NVARCHAR2(30), 
	"ADDRESS" NVARCHAR2(30), 
	"CITY" NUMBER, 
	"DISTRICT" NUMBER, 
	"PHONE_NUMBER" NVARCHAR2(25), 
	"ZIP_CODE" NVARCHAR2(20), 
	"PASSWORD" NVARCHAR2(50), 
	"REGISTER_DATE" DATE
   ) SEGMENT CREATION IMMEDIATE 
  PCTFREE 10 PCTUSED 40 INITRANS 1 MAXTRANS 255 NOCOMPRESS LOGGING
  STORAGE(INITIAL 65536 NEXT 1048576 MINEXTENTS 1 MAXEXTENTS 2147483645
  PCTINCREASE 0 FREELISTS 1 FREELIST GROUPS 1 BUFFER_POOL DEFAULT FLASH_CACHE DEFAULT CELL_FLASH_CACHE DEFAULT)
  TABLESPACE "USERS" ;
--------------------------------------------------------
--  DDL for Table DETAILARTICLE
--------------------------------------------------------

  CREATE TABLE "JSPPROJECTDATABASE"."DETAILARTICLE" 
   (	"ARTICLE_DETAIL_ID" NUMBER, 
	"ARTICLE_ID" NUMBER, 
	"PARAGRAGH_1" NVARCHAR2(300), 
	"PARAGRAGH_2" NVARCHAR2(300), 
	"PARAGRAGH_3" NVARCHAR2(300), 
	"ARTICLE_IMAGE" BLOB
   ) SEGMENT CREATION IMMEDIATE 
  PCTFREE 10 PCTUSED 40 INITRANS 1 MAXTRANS 255 NOCOMPRESS LOGGING
  STORAGE(INITIAL 65536 NEXT 1048576 MINEXTENTS 1 MAXEXTENTS 2147483645
  PCTINCREASE 0 FREELISTS 1 FREELIST GROUPS 1 BUFFER_POOL DEFAULT FLASH_CACHE DEFAULT CELL_FLASH_CACHE DEFAULT)
  TABLESPACE "USERS" 
 LOB ("ARTICLE_IMAGE") STORE AS BASICFILE (
  TABLESPACE "USERS" ENABLE STORAGE IN ROW CHUNK 8192 RETENTION 
  NOCACHE LOGGING 
  STORAGE(INITIAL 65536 NEXT 1048576 MINEXTENTS 1 MAXEXTENTS 2147483645
  PCTINCREASE 0 FREELISTS 1 FREELIST GROUPS 1 BUFFER_POOL DEFAULT FLASH_CACHE DEFAULT CELL_FLASH_CACHE DEFAULT)) ;
--------------------------------------------------------
--  DDL for Table DETAILORDER
--------------------------------------------------------

  CREATE TABLE "JSPPROJECTDATABASE"."DETAILORDER" 
   (	"ORDER_ID" NUMBER, 
	"BOOK_ID" NUMBER, 
	"QUANTITY" NUMBER, 
	"SUBTOTAL" FLOAT(126)
   ) SEGMENT CREATION IMMEDIATE 
  PCTFREE 10 PCTUSED 40 INITRANS 1 MAXTRANS 255 NOCOMPRESS LOGGING
  STORAGE(INITIAL 65536 NEXT 1048576 MINEXTENTS 1 MAXEXTENTS 2147483645
  PCTINCREASE 0 FREELISTS 1 FREELIST GROUPS 1 BUFFER_POOL DEFAULT FLASH_CACHE DEFAULT CELL_FLASH_CACHE DEFAULT)
  TABLESPACE "USERS" ;
--------------------------------------------------------
--  DDL for Table DISTRICT
--------------------------------------------------------

  CREATE TABLE "JSPPROJECTDATABASE"."DISTRICT" 
   (	"ID" NUMBER, 
	"CITY_ID" NUMBER, 
	"DISTRICT_NAME" NVARCHAR2(50)
   ) SEGMENT CREATION IMMEDIATE 
  PCTFREE 10 PCTUSED 40 INITRANS 1 MAXTRANS 255 NOCOMPRESS LOGGING
  STORAGE(INITIAL 65536 NEXT 1048576 MINEXTENTS 1 MAXEXTENTS 2147483645
  PCTINCREASE 0 FREELISTS 1 FREELIST GROUPS 1 BUFFER_POOL DEFAULT FLASH_CACHE DEFAULT CELL_FLASH_CACHE DEFAULT)
  TABLESPACE "USERS" ;
--------------------------------------------------------
--  DDL for Table REVIEW
--------------------------------------------------------

  CREATE TABLE "JSPPROJECTDATABASE"."REVIEW" 
   (	"REVIEW_ID" NUMBER, 
	"BOOK_ID" NUMBER, 
	"CUSTOMER_ID" NUMBER, 
	"RATING" NUMBER, 
	"HEADLINE" NVARCHAR2(150), 
	"REVIEW_COMMENT" NVARCHAR2(255), 
	"REVIEW_DATE" DATE
   ) SEGMENT CREATION IMMEDIATE 
  PCTFREE 10 PCTUSED 40 INITRANS 1 MAXTRANS 255 NOCOMPRESS LOGGING
  STORAGE(INITIAL 65536 NEXT 1048576 MINEXTENTS 1 MAXEXTENTS 2147483645
  PCTINCREASE 0 FREELISTS 1 FREELIST GROUPS 1 BUFFER_POOL DEFAULT FLASH_CACHE DEFAULT CELL_FLASH_CACHE DEFAULT)
  TABLESPACE "USERS" ;
--------------------------------------------------------
--  DDL for Table USERS
--------------------------------------------------------

  CREATE TABLE "JSPPROJECTDATABASE"."USERS" 
   (	"USER_ID" NUMBER(10,0), 
	"EMAIL" VARCHAR2(255 CHAR), 
	"NAME" VARCHAR2(255 CHAR), 
	"PASSWORD" VARCHAR2(255 CHAR), 
	"SURNAME" VARCHAR2(255 CHAR)
   ) SEGMENT CREATION IMMEDIATE 
  PCTFREE 10 PCTUSED 40 INITRANS 1 MAXTRANS 255 NOCOMPRESS LOGGING
  STORAGE(INITIAL 65536 NEXT 1048576 MINEXTENTS 1 MAXEXTENTS 2147483645
  PCTINCREASE 0 FREELISTS 1 FREELIST GROUPS 1 BUFFER_POOL DEFAULT FLASH_CACHE DEFAULT CELL_FLASH_CACHE DEFAULT)
  TABLESPACE "USERS" ;
REM INSERTING into JSPPROJECTDATABASE.ARTICLE
SET DEFINE OFF;
Insert into JSPPROJECTDATABASE.ARTICLE (ARTICLE_ID,NAME) values ('1','Hakkýmýzda');
REM INSERTING into JSPPROJECTDATABASE.BOOK
SET DEFINE OFF;
Insert into JSPPROJECTDATABASE.BOOK (BOOK_ID,TITLE,AUTHOR,DESCRIPTION,ISBN,PRICE,PUBLISH_DATE,LAST_UPDATED_DATE,QUANTITY,CATEGORY_ID) values ('61','Effective Java (2nd Edition)','Joshua Bloch','<div>Are you looking for a deeper understanding of the Java™ programming language so that you can write code that is clearer, more correct, more robust, and more reusable? Look no further! Effective Java™, Second Edition, brings together seventy-eight indispensable programmer’s rules of thumb: working, best-practice solutions for the programming challenges you encounter every day.</div><div>&nbsp;</div>','0321356683','38,87',to_date('28/01/2008','DD/MM/RRRR'),to_date('25/05/2019','DD/MM/RRRR'),'13','21');
Insert into JSPPROJECTDATABASE.BOOK (BOOK_ID,TITLE,AUTHOR,DESCRIPTION,ISBN,PRICE,PUBLISH_DATE,LAST_UPDATED_DATE,QUANTITY,CATEGORY_ID) values ('43','Macera Boyutu Bilim Kurgu','Ahmet Tan','Macera Boyutu Bilim Macerasý','03214565','35,75',to_date('25/01/2010','DD/MM/RRRR'),to_date('10/06/2019','DD/MM/RRRR'),'17','24');
REM INSERTING into JSPPROJECTDATABASE.BOOKORDERS
SET DEFINE OFF;
Insert into JSPPROJECTDATABASE.BOOKORDERS (ORDER_ID,CUSTOMER_ID,ORDER_DATE,SHIPPING_ADDRESS,RECIPIENT_NAME,RECIPIENT_PHONE,PAYMENT_METHOD,ORDER_TOTAL,ORDER_STATUS) values ('60','42',to_date('24/05/2019','DD/MM/RRRR'),'Address','Recipent Name','123456789','Kapýda Ödeme','0','Ýþleniyor');
Insert into JSPPROJECTDATABASE.BOOKORDERS (ORDER_ID,CUSTOMER_ID,ORDER_DATE,SHIPPING_ADDRESS,RECIPIENT_NAME,RECIPIENT_PHONE,PAYMENT_METHOD,ORDER_TOTAL,ORDER_STATUS) values ('61','46',to_date('10/06/2019','DD/MM/RRRR'),'null, null, null, null','Pelin Kýlýç','1234567890','Kapýda Ödeme','35,75','Ýþleniyor');
Insert into JSPPROJECTDATABASE.BOOKORDERS (ORDER_ID,CUSTOMER_ID,ORDER_DATE,SHIPPING_ADDRESS,RECIPIENT_NAME,RECIPIENT_PHONE,PAYMENT_METHOD,ORDER_TOTAL,ORDER_STATUS) values ('62','46',to_date('10/06/2019','DD/MM/RRRR'),'Rýhtým Caddesi No:8/2, Ýstanbul, Kadýköy, 34100','Pelin Kýlýç','1234567890','Kapýda Ödeme','35,75','Ýþleniyor');
REM INSERTING into JSPPROJECTDATABASE.CATEGORY
SET DEFINE OFF;
Insert into JSPPROJECTDATABASE.CATEGORY (CATEGORY_ID,NAME) values ('21','Bilim');
Insert into JSPPROJECTDATABASE.CATEGORY (CATEGORY_ID,NAME) values ('24','Bilim Kurgu');
Insert into JSPPROJECTDATABASE.CATEGORY (CATEGORY_ID,NAME) values ('61','Moda');
Insert into JSPPROJECTDATABASE.CATEGORY (CATEGORY_ID,NAME) values ('42','Saðlýk');
REM INSERTING into JSPPROJECTDATABASE.CITY
SET DEFINE OFF;
Insert into JSPPROJECTDATABASE.CITY (ID,CITY_NAME) values ('1','Adana');
Insert into JSPPROJECTDATABASE.CITY (ID,CITY_NAME) values ('6','Ankara');
Insert into JSPPROJECTDATABASE.CITY (ID,CITY_NAME) values ('34','Ýstanbul');
REM INSERTING into JSPPROJECTDATABASE.CUSTOMER
SET DEFINE OFF;
Insert into JSPPROJECTDATABASE.CUSTOMER (CUSTOMER_ID,NAME,SURNAME,EMAIL,ADDRESS,CITY,DISTRICT,PHONE_NUMBER,ZIP_CODE,PASSWORD,REGISTER_DATE) values ('42','Emre','Aksol','e@a.com','Çukurova cad. No:7/10','1','2','1234567890','01200','secret90',to_date('08/05/2019','DD/MM/RRRR'));
Insert into JSPPROJECTDATABASE.CUSTOMER (CUSTOMER_ID,NAME,SURNAME,EMAIL,ADDRESS,CITY,DISTRICT,PHONE_NUMBER,ZIP_CODE,PASSWORD,REGISTER_DATE) values ('46','Pelin','Kýlýç','p@k.com','Rýhtým Caddesi No:8/2','34','5','1234567890','34100','9c15b95156a5d2e6f8791054ba840d56',to_date('09/05/2019','DD/MM/RRRR'));
Insert into JSPPROJECTDATABASE.CUSTOMER (CUSTOMER_ID,NAME,SURNAME,EMAIL,ADDRESS,CITY,DISTRICT,PHONE_NUMBER,ZIP_CODE,PASSWORD,REGISTER_DATE) values ('44','Emre','Selin','e@s.com','Hoþdere Caddesi No: 6/5','6','4','1234567890','06550','Secret_90',to_date('08/05/2019','DD/MM/RRRR'));
Insert into JSPPROJECTDATABASE.CUSTOMER (CUSTOMER_ID,NAME,SURNAME,EMAIL,ADDRESS,CITY,DISTRICT,PHONE_NUMBER,ZIP_CODE,PASSWORD,REGISTER_DATE) values ('14','Özüm','Büþraoðlu','o@o.com','Rýhtým Cad. No:5/4','34','5','0123456789','34500','secret90',to_date('24/04/2019','DD/MM/RRRR'));
Insert into JSPPROJECTDATABASE.CUSTOMER (CUSTOMER_ID,NAME,SURNAME,EMAIL,ADDRESS,CITY,DISTRICT,PHONE_NUMBER,ZIP_CODE,PASSWORD,REGISTER_DATE) values ('41','Gizem','Yaðmur','g@y.com','Ceylan Mahallesi No:6/5','1','1','1234567890','01100','secret92',to_date('08/05/2019','DD/MM/RRRR'));
Insert into JSPPROJECTDATABASE.CUSTOMER (CUSTOMER_ID,NAME,SURNAME,EMAIL,ADDRESS,CITY,DISTRICT,PHONE_NUMBER,ZIP_CODE,PASSWORD,REGISTER_DATE) values ('47','Ersin','Ulubatþýl','e@u.com','Çarþý Cad. No:5/4','34','6','0987654321','34600','secret91',to_date('09/05/2019','DD/MM/RRRR'));
Insert into JSPPROJECTDATABASE.CUSTOMER (CUSTOMER_ID,NAME,SURNAME,EMAIL,ADDRESS,CITY,DISTRICT,PHONE_NUMBER,ZIP_CODE,PASSWORD,REGISTER_DATE) values ('61','Kývanç','Torun','k@t.com','Karaköy caddesi No:8/3','34','6','0987654321','34200','9c15b95156a5d2e6f8791054ba840d56',to_date('17/05/2019','DD/MM/RRRR'));
Insert into JSPPROJECTDATABASE.CUSTOMER (CUSTOMER_ID,NAME,SURNAME,EMAIL,ADDRESS,CITY,DISTRICT,PHONE_NUMBER,ZIP_CODE,PASSWORD,REGISTER_DATE) values ('48','Yaðmur','Pýnar','y@p.com','Hoþdere Caddesi No: 8/5','6','4','1234567890','06550','73dfff2d661f887c1300e99931b93d7c',to_date('09/05/2019','DD/MM/RRRR'));
Insert into JSPPROJECTDATABASE.CUSTOMER (CUSTOMER_ID,NAME,SURNAME,EMAIL,ADDRESS,CITY,DISTRICT,PHONE_NUMBER,ZIP_CODE,PASSWORD,REGISTER_DATE) values ('22','Büþra','Pelinoðlu','p@b.com','Çukurova cad. No:6/10','6','3','1234567890','01200','secret92',to_date('27/04/2019','DD/MM/RRRR'));
Insert into JSPPROJECTDATABASE.CUSTOMER (CUSTOMER_ID,NAME,SURNAME,EMAIL,ADDRESS,CITY,DISTRICT,PHONE_NUMBER,ZIP_CODE,PASSWORD,REGISTER_DATE) values ('43','Aslý','Doðan','a@e.com','Rýhtým Caddesi No:7/2','34','5','1234567890','34100','secret90',to_date('08/05/2019','DD/MM/RRRR'));
REM INSERTING into JSPPROJECTDATABASE.DETAILARTICLE
SET DEFINE OFF;
Insert into JSPPROJECTDATABASE.DETAILARTICLE (ARTICLE_DETAIL_ID,ARTICLE_ID,PARAGRAGH_1,PARAGRAGH_2,PARAGRAGH_3) values ('1','1','Paragraf 1 - Lorem ipsum dolor sit amet, consectetur adipisicing elit, sed do eiusmod tempor incididunt ut labore et dolore magna aliqua.','Paragraf 2 - Lorem ipsum dolor sit amet, consectetur adipisicing elit, sed do eiusmod tempor incididunt ut labore et dolore magna aliqua.','Paragraf 3 - Lorem ipsum dolor sit amet, consectetur adipisicing elit, sed do eiusmod tempor incididunt ut labore et dolore magna aliqua.');
REM INSERTING into JSPPROJECTDATABASE.DETAILORDER
SET DEFINE OFF;
Insert into JSPPROJECTDATABASE.DETAILORDER (ORDER_ID,BOOK_ID,QUANTITY,SUBTOTAL) values ('60','43','1','35,75');
Insert into JSPPROJECTDATABASE.DETAILORDER (ORDER_ID,BOOK_ID,QUANTITY,SUBTOTAL) values ('61','43','1','35,75');
Insert into JSPPROJECTDATABASE.DETAILORDER (ORDER_ID,BOOK_ID,QUANTITY,SUBTOTAL) values ('62','43','1','35,75');
REM INSERTING into JSPPROJECTDATABASE.DISTRICT
SET DEFINE OFF;
Insert into JSPPROJECTDATABASE.DISTRICT (ID,CITY_ID,DISTRICT_NAME) values ('1','1','Ceylan');
Insert into JSPPROJECTDATABASE.DISTRICT (ID,CITY_ID,DISTRICT_NAME) values ('2','1','Çukurova');
Insert into JSPPROJECTDATABASE.DISTRICT (ID,CITY_ID,DISTRICT_NAME) values ('3','6','Sincan');
Insert into JSPPROJECTDATABASE.DISTRICT (ID,CITY_ID,DISTRICT_NAME) values ('4','6','Çankaya');
Insert into JSPPROJECTDATABASE.DISTRICT (ID,CITY_ID,DISTRICT_NAME) values ('5','34','Kadýköy');
Insert into JSPPROJECTDATABASE.DISTRICT (ID,CITY_ID,DISTRICT_NAME) values ('6','34','Karaköy');
REM INSERTING into JSPPROJECTDATABASE.REVIEW
SET DEFINE OFF;
Insert into JSPPROJECTDATABASE.REVIEW (REVIEW_ID,BOOK_ID,CUSTOMER_ID,RATING,HEADLINE,REVIEW_COMMENT,REVIEW_DATE) values ('59','43','14','2','Kitabý beðenmedim','Kitabý okumama raðmen pek ilgimi çekmedi.',to_date('24/05/2019','DD/MM/RRRR'));
Insert into JSPPROJECTDATABASE.REVIEW (REVIEW_ID,BOOK_ID,CUSTOMER_ID,RATING,HEADLINE,REVIEW_COMMENT,REVIEW_DATE) values ('60','43','22','2','Kitabý beðenmedim','Kitabý okumama raðmen pek ilgimi çekmedi.',to_date('24/05/2019','DD/MM/RRRR'));
REM INSERTING into JSPPROJECTDATABASE.USERS
SET DEFINE OFF;
Insert into JSPPROJECTDATABASE.USERS (USER_ID,EMAIL,NAME,PASSWORD,SURNAME) values ('2','d@d.com','David','321','Thuram');
Insert into JSPPROJECTDATABASE.USERS (USER_ID,EMAIL,NAME,PASSWORD,SURNAME) values ('1','q@q.com','Sercan','2b519c1071262bb42598e3876843e5a5','Yaðmur');
Insert into JSPPROJECTDATABASE.USERS (USER_ID,EMAIL,NAME,PASSWORD,SURNAME) values ('41','a@k.com','Ali','11122','Kavak');
Insert into JSPPROJECTDATABASE.USERS (USER_ID,EMAIL,NAME,PASSWORD,SURNAME) values ('22','y@g.com','Merve','Lezley_90','Tok');
Insert into JSPPROJECTDATABASE.USERS (USER_ID,EMAIL,NAME,PASSWORD,SURNAME) values ('42','e@k.com','Ersin','Secret_90','Kavak');
--------------------------------------------------------
--  DDL for Index ARTICLE_PK
--------------------------------------------------------

  CREATE UNIQUE INDEX "JSPPROJECTDATABASE"."ARTICLE_PK" ON "JSPPROJECTDATABASE"."ARTICLE" ("ARTICLE_ID") 
  PCTFREE 10 INITRANS 2 MAXTRANS 255 COMPUTE STATISTICS 
  STORAGE(INITIAL 65536 NEXT 1048576 MINEXTENTS 1 MAXEXTENTS 2147483645
  PCTINCREASE 0 FREELISTS 1 FREELIST GROUPS 1 BUFFER_POOL DEFAULT FLASH_CACHE DEFAULT CELL_FLASH_CACHE DEFAULT)
  TABLESPACE "USERS" ;
--------------------------------------------------------
--  DDL for Index BOOK_PK
--------------------------------------------------------

  CREATE UNIQUE INDEX "JSPPROJECTDATABASE"."BOOK_PK" ON "JSPPROJECTDATABASE"."BOOK" ("BOOK_ID") 
  PCTFREE 10 INITRANS 2 MAXTRANS 255 COMPUTE STATISTICS 
  STORAGE(INITIAL 65536 NEXT 1048576 MINEXTENTS 1 MAXEXTENTS 2147483645
  PCTINCREASE 0 FREELISTS 1 FREELIST GROUPS 1 BUFFER_POOL DEFAULT FLASH_CACHE DEFAULT CELL_FLASH_CACHE DEFAULT)
  TABLESPACE "USERS" ;
--------------------------------------------------------
--  DDL for Index ORDERS_PK
--------------------------------------------------------

  CREATE UNIQUE INDEX "JSPPROJECTDATABASE"."ORDERS_PK" ON "JSPPROJECTDATABASE"."BOOKORDERS" ("ORDER_ID") 
  PCTFREE 10 INITRANS 2 MAXTRANS 255 COMPUTE STATISTICS 
  STORAGE(INITIAL 65536 NEXT 1048576 MINEXTENTS 1 MAXEXTENTS 2147483645
  PCTINCREASE 0 FREELISTS 1 FREELIST GROUPS 1 BUFFER_POOL DEFAULT FLASH_CACHE DEFAULT CELL_FLASH_CACHE DEFAULT)
  TABLESPACE "USERS" ;
--------------------------------------------------------
--  DDL for Index CATEGORY_PK
--------------------------------------------------------

  CREATE UNIQUE INDEX "JSPPROJECTDATABASE"."CATEGORY_PK" ON "JSPPROJECTDATABASE"."CATEGORY" ("CATEGORY_ID") 
  PCTFREE 10 INITRANS 2 MAXTRANS 255 COMPUTE STATISTICS 
  STORAGE(INITIAL 65536 NEXT 1048576 MINEXTENTS 1 MAXEXTENTS 2147483645
  PCTINCREASE 0 FREELISTS 1 FREELIST GROUPS 1 BUFFER_POOL DEFAULT FLASH_CACHE DEFAULT CELL_FLASH_CACHE DEFAULT)
  TABLESPACE "USERS" ;
--------------------------------------------------------
--  DDL for Index CITY_PK
--------------------------------------------------------

  CREATE UNIQUE INDEX "JSPPROJECTDATABASE"."CITY_PK" ON "JSPPROJECTDATABASE"."CITY" ("ID") 
  PCTFREE 10 INITRANS 2 MAXTRANS 255 COMPUTE STATISTICS 
  STORAGE(INITIAL 65536 NEXT 1048576 MINEXTENTS 1 MAXEXTENTS 2147483645
  PCTINCREASE 0 FREELISTS 1 FREELIST GROUPS 1 BUFFER_POOL DEFAULT FLASH_CACHE DEFAULT CELL_FLASH_CACHE DEFAULT)
  TABLESPACE "USERS" ;
--------------------------------------------------------
--  DDL for Index CUSTOMER_PK
--------------------------------------------------------

  CREATE UNIQUE INDEX "JSPPROJECTDATABASE"."CUSTOMER_PK" ON "JSPPROJECTDATABASE"."CUSTOMER" ("CUSTOMER_ID") 
  PCTFREE 10 INITRANS 2 MAXTRANS 255 COMPUTE STATISTICS 
  STORAGE(INITIAL 65536 NEXT 1048576 MINEXTENTS 1 MAXEXTENTS 2147483645
  PCTINCREASE 0 FREELISTS 1 FREELIST GROUPS 1 BUFFER_POOL DEFAULT FLASH_CACHE DEFAULT CELL_FLASH_CACHE DEFAULT)
  TABLESPACE "USERS" ;
--------------------------------------------------------
--  DDL for Index DETAILARTICLE_PK
--------------------------------------------------------

  CREATE UNIQUE INDEX "JSPPROJECTDATABASE"."DETAILARTICLE_PK" ON "JSPPROJECTDATABASE"."DETAILARTICLE" ("ARTICLE_DETAIL_ID") 
  PCTFREE 10 INITRANS 2 MAXTRANS 255 COMPUTE STATISTICS 
  STORAGE(INITIAL 65536 NEXT 1048576 MINEXTENTS 1 MAXEXTENTS 2147483645
  PCTINCREASE 0 FREELISTS 1 FREELIST GROUPS 1 BUFFER_POOL DEFAULT FLASH_CACHE DEFAULT CELL_FLASH_CACHE DEFAULT)
  TABLESPACE "USERS" ;
--------------------------------------------------------
--  DDL for Index STATE_PK
--------------------------------------------------------

  CREATE UNIQUE INDEX "JSPPROJECTDATABASE"."STATE_PK" ON "JSPPROJECTDATABASE"."DISTRICT" ("ID") 
  PCTFREE 10 INITRANS 2 MAXTRANS 255 COMPUTE STATISTICS 
  STORAGE(INITIAL 65536 NEXT 1048576 MINEXTENTS 1 MAXEXTENTS 2147483645
  PCTINCREASE 0 FREELISTS 1 FREELIST GROUPS 1 BUFFER_POOL DEFAULT FLASH_CACHE DEFAULT CELL_FLASH_CACHE DEFAULT)
  TABLESPACE "USERS" ;
--------------------------------------------------------
--  DDL for Index REVIEW_PK
--------------------------------------------------------

  CREATE UNIQUE INDEX "JSPPROJECTDATABASE"."REVIEW_PK" ON "JSPPROJECTDATABASE"."REVIEW" ("REVIEW_ID") 
  PCTFREE 10 INITRANS 2 MAXTRANS 255 COMPUTE STATISTICS 
  STORAGE(INITIAL 65536 NEXT 1048576 MINEXTENTS 1 MAXEXTENTS 2147483645
  PCTINCREASE 0 FREELISTS 1 FREELIST GROUPS 1 BUFFER_POOL DEFAULT FLASH_CACHE DEFAULT CELL_FLASH_CACHE DEFAULT)
  TABLESPACE "USERS" ;
--------------------------------------------------------
--  DDL for Index SYS_C007843
--------------------------------------------------------

  CREATE UNIQUE INDEX "JSPPROJECTDATABASE"."SYS_C007843" ON "JSPPROJECTDATABASE"."USERS" ("USER_ID") 
  PCTFREE 10 INITRANS 2 MAXTRANS 255 COMPUTE STATISTICS 
  STORAGE(INITIAL 65536 NEXT 1048576 MINEXTENTS 1 MAXEXTENTS 2147483645
  PCTINCREASE 0 FREELISTS 1 FREELIST GROUPS 1 BUFFER_POOL DEFAULT FLASH_CACHE DEFAULT CELL_FLASH_CACHE DEFAULT)
  TABLESPACE "USERS" ;
--------------------------------------------------------
--  DDL for Trigger ARTICLE_TRG
--------------------------------------------------------

  CREATE OR REPLACE TRIGGER "JSPPROJECTDATABASE"."ARTICLE_TRG" 
BEFORE INSERT ON ARTICLE 
FOR EACH ROW 
BEGIN
  <<COLUMN_SEQUENCES>>
  BEGIN
    IF INSERTING AND :NEW.ARTICLE_ID IS NULL THEN
      SELECT ARTICLE_SEQ.NEXTVAL INTO :NEW.ARTICLE_ID FROM SYS.DUAL;
    END IF;
  END COLUMN_SEQUENCES;
END;
/
ALTER TRIGGER "JSPPROJECTDATABASE"."ARTICLE_TRG" ENABLE;
--------------------------------------------------------
--  DDL for Trigger BOOK_TRG
--------------------------------------------------------

  CREATE OR REPLACE TRIGGER "JSPPROJECTDATABASE"."BOOK_TRG" 
BEFORE INSERT ON BOOK 
FOR EACH ROW 
BEGIN
  <<COLUMN_SEQUENCES>>
  BEGIN
    NULL;
  END COLUMN_SEQUENCES;
END;
/
ALTER TRIGGER "JSPPROJECTDATABASE"."BOOK_TRG" ENABLE;
--------------------------------------------------------
--  DDL for Trigger ORDERS_TRG
--------------------------------------------------------

  CREATE OR REPLACE TRIGGER "JSPPROJECTDATABASE"."ORDERS_TRG" 
BEFORE INSERT ON BOOKORDERS 
FOR EACH ROW 
BEGIN
  <<COLUMN_SEQUENCES>>
  BEGIN
    NULL;
  END COLUMN_SEQUENCES;
END;
/
ALTER TRIGGER "JSPPROJECTDATABASE"."ORDERS_TRG" ENABLE;
--------------------------------------------------------
--  DDL for Trigger CATEGORY_TRG
--------------------------------------------------------

  CREATE OR REPLACE TRIGGER "JSPPROJECTDATABASE"."CATEGORY_TRG" 
BEFORE INSERT ON CATEGORY 
FOR EACH ROW 
BEGIN
  <<COLUMN_SEQUENCES>>
  BEGIN
    NULL;
  END COLUMN_SEQUENCES;
END;
/
ALTER TRIGGER "JSPPROJECTDATABASE"."CATEGORY_TRG" ENABLE;
--------------------------------------------------------
--  DDL for Trigger CITY_TRG
--------------------------------------------------------

  CREATE OR REPLACE TRIGGER "JSPPROJECTDATABASE"."CITY_TRG" 
BEFORE INSERT ON CITY 
FOR EACH ROW 
BEGIN
  <<COLUMN_SEQUENCES>>
  BEGIN
    IF INSERTING AND :NEW.ID IS NULL THEN
      SELECT CITY_SEQ.NEXTVAL INTO :NEW.ID FROM SYS.DUAL;
    END IF;
  END COLUMN_SEQUENCES;
END;
/
ALTER TRIGGER "JSPPROJECTDATABASE"."CITY_TRG" ENABLE;
--------------------------------------------------------
--  DDL for Trigger CUSTOMER_TRG
--------------------------------------------------------

  CREATE OR REPLACE TRIGGER "JSPPROJECTDATABASE"."CUSTOMER_TRG" 
BEFORE INSERT ON CUSTOMER 
FOR EACH ROW 
BEGIN
  <<COLUMN_SEQUENCES>>
  BEGIN
    NULL;
  END COLUMN_SEQUENCES;
END;
/
ALTER TRIGGER "JSPPROJECTDATABASE"."CUSTOMER_TRG" ENABLE;
--------------------------------------------------------
--  DDL for Trigger DETAILARTICLE_TRG
--------------------------------------------------------

  CREATE OR REPLACE TRIGGER "JSPPROJECTDATABASE"."DETAILARTICLE_TRG" 
BEFORE INSERT ON DETAILARTICLE 
FOR EACH ROW 
BEGIN
  <<COLUMN_SEQUENCES>>
  BEGIN
    IF INSERTING AND :NEW.ARTICLE_DETAIL_ID IS NULL THEN
      SELECT DETAILARTICLE_SEQ.NEXTVAL INTO :NEW.ARTICLE_DETAIL_ID FROM SYS.DUAL;
    END IF;
  END COLUMN_SEQUENCES;
END;
/
ALTER TRIGGER "JSPPROJECTDATABASE"."DETAILARTICLE_TRG" ENABLE;
--------------------------------------------------------
--  DDL for Trigger STATE_TRG
--------------------------------------------------------

  CREATE OR REPLACE TRIGGER "JSPPROJECTDATABASE"."STATE_TRG" 
BEFORE INSERT ON DISTRICT 
FOR EACH ROW 
BEGIN
  <<COLUMN_SEQUENCES>>
  BEGIN
    NULL;
  END COLUMN_SEQUENCES;
END;
/
ALTER TRIGGER "JSPPROJECTDATABASE"."STATE_TRG" ENABLE;
--------------------------------------------------------
--  DDL for Trigger REVIEW_TRG
--------------------------------------------------------

  CREATE OR REPLACE TRIGGER "JSPPROJECTDATABASE"."REVIEW_TRG" 
BEFORE INSERT ON REVIEW 
FOR EACH ROW 
BEGIN
  <<COLUMN_SEQUENCES>>
  BEGIN
    NULL;
  END COLUMN_SEQUENCES;
END;
/
ALTER TRIGGER "JSPPROJECTDATABASE"."REVIEW_TRG" ENABLE;
--------------------------------------------------------
--  Constraints for Table ARTICLE
--------------------------------------------------------

  ALTER TABLE "JSPPROJECTDATABASE"."ARTICLE" ADD CONSTRAINT "ARTICLE_PK" PRIMARY KEY ("ARTICLE_ID")
  USING INDEX PCTFREE 10 INITRANS 2 MAXTRANS 255 COMPUTE STATISTICS 
  STORAGE(INITIAL 65536 NEXT 1048576 MINEXTENTS 1 MAXEXTENTS 2147483645
  PCTINCREASE 0 FREELISTS 1 FREELIST GROUPS 1 BUFFER_POOL DEFAULT FLASH_CACHE DEFAULT CELL_FLASH_CACHE DEFAULT)
  TABLESPACE "USERS"  ENABLE;
  ALTER TABLE "JSPPROJECTDATABASE"."ARTICLE" MODIFY ("ARTICLE_ID" NOT NULL ENABLE);
--------------------------------------------------------
--  Constraints for Table BOOK
--------------------------------------------------------

  ALTER TABLE "JSPPROJECTDATABASE"."BOOK" ADD CONSTRAINT "BOOK_PK" PRIMARY KEY ("BOOK_ID")
  USING INDEX PCTFREE 10 INITRANS 2 MAXTRANS 255 COMPUTE STATISTICS 
  STORAGE(INITIAL 65536 NEXT 1048576 MINEXTENTS 1 MAXEXTENTS 2147483645
  PCTINCREASE 0 FREELISTS 1 FREELIST GROUPS 1 BUFFER_POOL DEFAULT FLASH_CACHE DEFAULT CELL_FLASH_CACHE DEFAULT)
  TABLESPACE "USERS"  ENABLE;
  ALTER TABLE "JSPPROJECTDATABASE"."BOOK" MODIFY ("BOOK_ID" NOT NULL ENABLE);
--------------------------------------------------------
--  Constraints for Table BOOKORDERS
--------------------------------------------------------

  ALTER TABLE "JSPPROJECTDATABASE"."BOOKORDERS" ADD CONSTRAINT "ORDERS_PK" PRIMARY KEY ("ORDER_ID")
  USING INDEX PCTFREE 10 INITRANS 2 MAXTRANS 255 COMPUTE STATISTICS 
  STORAGE(INITIAL 65536 NEXT 1048576 MINEXTENTS 1 MAXEXTENTS 2147483645
  PCTINCREASE 0 FREELISTS 1 FREELIST GROUPS 1 BUFFER_POOL DEFAULT FLASH_CACHE DEFAULT CELL_FLASH_CACHE DEFAULT)
  TABLESPACE "USERS"  ENABLE;
  ALTER TABLE "JSPPROJECTDATABASE"."BOOKORDERS" MODIFY ("ORDER_ID" NOT NULL ENABLE);
--------------------------------------------------------
--  Constraints for Table CATEGORY
--------------------------------------------------------

  ALTER TABLE "JSPPROJECTDATABASE"."CATEGORY" ADD CONSTRAINT "CATEGORY_PK" PRIMARY KEY ("CATEGORY_ID")
  USING INDEX PCTFREE 10 INITRANS 2 MAXTRANS 255 COMPUTE STATISTICS 
  STORAGE(INITIAL 65536 NEXT 1048576 MINEXTENTS 1 MAXEXTENTS 2147483645
  PCTINCREASE 0 FREELISTS 1 FREELIST GROUPS 1 BUFFER_POOL DEFAULT FLASH_CACHE DEFAULT CELL_FLASH_CACHE DEFAULT)
  TABLESPACE "USERS"  ENABLE;
  ALTER TABLE "JSPPROJECTDATABASE"."CATEGORY" MODIFY ("NAME" NOT NULL ENABLE);
  ALTER TABLE "JSPPROJECTDATABASE"."CATEGORY" MODIFY ("CATEGORY_ID" NOT NULL ENABLE);
--------------------------------------------------------
--  Constraints for Table CITY
--------------------------------------------------------

  ALTER TABLE "JSPPROJECTDATABASE"."CITY" ADD CONSTRAINT "CITY_PK" PRIMARY KEY ("ID")
  USING INDEX PCTFREE 10 INITRANS 2 MAXTRANS 255 COMPUTE STATISTICS 
  STORAGE(INITIAL 65536 NEXT 1048576 MINEXTENTS 1 MAXEXTENTS 2147483645
  PCTINCREASE 0 FREELISTS 1 FREELIST GROUPS 1 BUFFER_POOL DEFAULT FLASH_CACHE DEFAULT CELL_FLASH_CACHE DEFAULT)
  TABLESPACE "USERS"  ENABLE;
  ALTER TABLE "JSPPROJECTDATABASE"."CITY" MODIFY ("ID" NOT NULL ENABLE);
--------------------------------------------------------
--  Constraints for Table CUSTOMER
--------------------------------------------------------

  ALTER TABLE "JSPPROJECTDATABASE"."CUSTOMER" ADD CONSTRAINT "CUSTOMER_PK" PRIMARY KEY ("CUSTOMER_ID")
  USING INDEX PCTFREE 10 INITRANS 2 MAXTRANS 255 COMPUTE STATISTICS 
  STORAGE(INITIAL 65536 NEXT 1048576 MINEXTENTS 1 MAXEXTENTS 2147483645
  PCTINCREASE 0 FREELISTS 1 FREELIST GROUPS 1 BUFFER_POOL DEFAULT FLASH_CACHE DEFAULT CELL_FLASH_CACHE DEFAULT)
  TABLESPACE "USERS"  ENABLE;
  ALTER TABLE "JSPPROJECTDATABASE"."CUSTOMER" MODIFY ("CUSTOMER_ID" NOT NULL ENABLE);
--------------------------------------------------------
--  Constraints for Table DETAILARTICLE
--------------------------------------------------------

  ALTER TABLE "JSPPROJECTDATABASE"."DETAILARTICLE" ADD CONSTRAINT "DETAILARTICLE_PK" PRIMARY KEY ("ARTICLE_DETAIL_ID")
  USING INDEX PCTFREE 10 INITRANS 2 MAXTRANS 255 COMPUTE STATISTICS 
  STORAGE(INITIAL 65536 NEXT 1048576 MINEXTENTS 1 MAXEXTENTS 2147483645
  PCTINCREASE 0 FREELISTS 1 FREELIST GROUPS 1 BUFFER_POOL DEFAULT FLASH_CACHE DEFAULT CELL_FLASH_CACHE DEFAULT)
  TABLESPACE "USERS"  ENABLE;
  ALTER TABLE "JSPPROJECTDATABASE"."DETAILARTICLE" MODIFY ("PARAGRAGH_1" NOT NULL ENABLE);
  ALTER TABLE "JSPPROJECTDATABASE"."DETAILARTICLE" MODIFY ("ARTICLE_DETAIL_ID" NOT NULL ENABLE);
--------------------------------------------------------
--  Constraints for Table DISTRICT
--------------------------------------------------------

  ALTER TABLE "JSPPROJECTDATABASE"."DISTRICT" ADD CONSTRAINT "DISTRICT_PK" PRIMARY KEY ("ID")
  USING INDEX PCTFREE 10 INITRANS 2 MAXTRANS 255 COMPUTE STATISTICS 
  STORAGE(INITIAL 65536 NEXT 1048576 MINEXTENTS 1 MAXEXTENTS 2147483645
  PCTINCREASE 0 FREELISTS 1 FREELIST GROUPS 1 BUFFER_POOL DEFAULT FLASH_CACHE DEFAULT CELL_FLASH_CACHE DEFAULT)
  TABLESPACE "USERS"  ENABLE;
  ALTER TABLE "JSPPROJECTDATABASE"."DISTRICT" MODIFY ("CITY_ID" NOT NULL ENABLE);
  ALTER TABLE "JSPPROJECTDATABASE"."DISTRICT" MODIFY ("ID" NOT NULL ENABLE);
--------------------------------------------------------
--  Constraints for Table REVIEW
--------------------------------------------------------

  ALTER TABLE "JSPPROJECTDATABASE"."REVIEW" ADD CONSTRAINT "REVIEW_PK" PRIMARY KEY ("REVIEW_ID")
  USING INDEX PCTFREE 10 INITRANS 2 MAXTRANS 255 COMPUTE STATISTICS 
  STORAGE(INITIAL 65536 NEXT 1048576 MINEXTENTS 1 MAXEXTENTS 2147483645
  PCTINCREASE 0 FREELISTS 1 FREELIST GROUPS 1 BUFFER_POOL DEFAULT FLASH_CACHE DEFAULT CELL_FLASH_CACHE DEFAULT)
  TABLESPACE "USERS"  ENABLE;
  ALTER TABLE "JSPPROJECTDATABASE"."REVIEW" MODIFY ("REVIEW_ID" NOT NULL ENABLE);
--------------------------------------------------------
--  Constraints for Table USERS
--------------------------------------------------------

  ALTER TABLE "JSPPROJECTDATABASE"."USERS" ADD PRIMARY KEY ("USER_ID")
  USING INDEX PCTFREE 10 INITRANS 2 MAXTRANS 255 COMPUTE STATISTICS 
  STORAGE(INITIAL 65536 NEXT 1048576 MINEXTENTS 1 MAXEXTENTS 2147483645
  PCTINCREASE 0 FREELISTS 1 FREELIST GROUPS 1 BUFFER_POOL DEFAULT FLASH_CACHE DEFAULT CELL_FLASH_CACHE DEFAULT)
  TABLESPACE "USERS"  ENABLE;
  ALTER TABLE "JSPPROJECTDATABASE"."USERS" MODIFY ("USER_ID" NOT NULL ENABLE);
